 Creature ,   Health ,   Stamina ,   Oxygen ,   Food ,   Weight ,  Base Damage ,   Movement Speed ,   Torpidity 
 Level 1 , +W , +T , Level 1 , +W , +T , Level 1 , +W , +T , Level 1 , +W , +T , Level 1 , +W , +T , Level 1 , +W , +T , Level 1 , +T , Level 1 , +W 
   Achatina ,75, 15 , 5.4 ,100, 10 ,10 ,, , ,450, 45 ,10 ,150, 3 ,4 ,0 , 0  ,1.7 ,100,1 ,50 , 3
   Allosaurus ,630, 126 , 5.4 ,250, 25 ,10 ,150, 15 ,10 ,3000, 300 ,10 ,380, 7.6 ,4 ,35 / 25, 1.75 / 1.25 ,1.7 ,100,1 ,1000 , 60
   Alpha Basilisk ,19500, 3900 , ,650, 65 ,0 ,, , ,2500, 250 ,0 ,2200, 44 ,0 ,55 / 120, 2.75 / 6 ,0 ,100, ,175 , 10.5
   Alpha Blood Crystal Wyvern ,, , ,?, , ,, , ,?, , ,?, , ,? , ,0 ,, , , 
   Alpha Carnotaurus ,6400, 1280 , ,300, 30 ,0 ,, , ,2000, 200 ,0 ,300, 6 ,0 ,80 , 4  ,0 ,100, ,350 , 21
   Alpha Deathworm ,27000, 54 , ,100, 10 ,0 ,, , ,100, 10 ,0 ,100, 2 ,0 ,500 , 25  ,0 ,100, ,100 , 6
   Alpha Fire Wyvern ,8000, 1200 , ,600, 30 ,0 ,150, 15 ,0 ,2000, 200 ,0 ,400, 8 ,0 ,140 / 18, 7 / 0.9 ,0 ,100, ,725 , 43.5
   Alpha Karkinos ,20400, 4080 , ,600, 60 ,0 ,, , ,5000, 500 ,0 ,800, 16 ,0 ,160 / 185, 8 / 9.25 ,0 ,100, ,800 , 48
   Alpha Leedsichthys ,4400, 528 , ,500, 50 ,0 ,, , ,8000, 800 ,0 ,1800, 36 ,0 ,160 , 0  ,0 ,100, ,4500 , 270
   Alpha Megalodon ,9600, 1920 , ,320, 32 ,0 ,, , ,2000, 200 ,0 ,250, 5 ,0 ,60 , 3  ,0 ,100, ,800 , 48
   Alpha Mosasaur ,54000, 6480 , ,400, 40 ,0 ,, , ,8000, 800 ,0 ,1300, 26 ,0 ,200 , 10  ,0 ,100, ,3000 , 180
   Alpha Raptor ,3600, 720 , ,150, 15 ,0 ,, , ,1200, 120 ,0 ,140, 2.8 ,0 ,40 , 2  ,0 ,100, ,180 , 10.8
   Alpha Surface Reaper King ,42500, 8500 , ,480, 48 ,0 ,150, 15 ,0 ,3000, 300 ,0 ,415, 8.3 ,0 ,180 / 10, 9 / 0.5 ,0 ,100, ,925 , 55.5
   Alpha T-Rex ,17500, 3500 , ,420, 42 ,0 ,, , ,3000, 300 ,0 ,500, 10 ,0 ,170 , 8.5  ,0 ,100, ,1550 , 93
   Alpha Tusoteuthis ,30000, 6000 , ,300, 30 ,0 ,, , ,3200, 320 ,0 ,800, 16 ,0 ,130 / 2, 6.5 / 0.1 ,0 ,100, ,1800 , 108
   Alpha X-Triceratops ,3500, 1050 , ,150, 15 ,0 ,150, 15 ,0 ,3000, 300 ,0 ,365, 7.3 ,0 ,48 , 2.4  ,0 ,100, ,250 , 15
   Ammonite ,165, 33 , ,100, 10 ,0 ,, , ,450, 45 ,0 ,150, 3 ,0 ,0 , 0  ,0 ,100, ,50 , 3
   Anglerfish ,450, 90 , 5.4 ,240, 24 ,10 ,150, 15 ,0 ,1500, 150 ,10 ,350, 7 ,4 ,30 , 1.5  ,1.7 ,100,1 ,900 , 54
   Ankylosaurus ,700, 140 , 5.4 ,175, 17.5 ,10 ,150, 15 ,10 ,3000, 300 ,10 ,250, 5 ,4 ,50 / 30, 2.5 / 1.5 ,1.7 ,100,2 ,420 , 25.2
   Araneo ,150, 30 , 2.7 ,100, 10 ,10 ,150, 15 ,10 ,900, 90 ,10 ,100, 2 ,8 ,10 / 5, 0.5 / 0.25 ,1.7 ,100,1 ,80 , 4.8
   Archaeopteryx ,125, 25 , 5.4 ,150, 15 ,10 ,150, 15 ,10 ,900, 90 ,10 ,30, 0.6 ,4 ,5 , 0.25  ,1.7 ,100,1 ,100 , 6
   Argentavis ,365, 73 , 6.076 ,400, 20 ,7.5 ,150, 15 ,10 ,2000, 200 ,10 ,400, 8 ,5.5 ,25 / 12, 1.25 / 0.6 ,2.55 ,100, ,600 , 36
   Argentustus ,60000, 12000 , ,750, 75 , ,150, 15 , ,2000, 200 , ,350, 7 , ,? , ,0 ,100, ,600 , 36
   Arthropluera (Corrupted) ,500, 100 , ,200, 20 ,0 ,, , ,1200, 120 ,0 ,100, 2 ,0 ,18 , 0.9  ,0 ,100, ,175 , 10.5
   Arthropluera ,500, 100 , 5.4 ,200, 20 ,10 ,, , ,1200, 120 ,10 ,100, 2 ,4 ,18 / 30, 0.9 / 1.5 ,1.7 ,100,1 ,175 , 10.5
   Arthropluera (Aberrant) ,500, 100 , 5.4 ,200, 20 ,10 ,, , ,1200, 120 ,10 ,100, 2 ,4 ,18 , 0.9  ,1.7 ,100,1 ,175 , 10.5
   Astrocetus ,2800, 392 , 2.16 ,600, 30 ,5 ,, , ,6000, 600 ,10 ,2000, 40 ,5 ,29 , 1.16  ,1.7 ,100,1 ,4200 , 252
   Attack Drone (Gamma) ,145.8, 29.16 , 5.4 ,250, 12.5 ,6 ,150, 15 ,10 ,1600, 160 ,10 ,280, 5.6 ,4 ,28 , 1.4  ,1.7 ,100, ,450 , 27
   Attack Drone (Beta) ,585, 117 , 5.4 ,250, 12.5 ,6 ,150, 15 ,10 ,1600, 160 ,10 ,280, 5.6 ,4 ,28 , 1.4  ,1.7 ,100, ,450 , 27
   Attack Drone (Alpha) ,877.5001, 175.50002 , 5.4 ,250, 12.5 ,6 ,150, 15 ,10 ,1600, 160 ,10 ,280, 5.6 ,4 ,28 , 1.4  ,1.7 ,100, ,450 , 27
   Baryonyx ,440, 88 , 5.4 ,325, 32.5 ,10 ,225, 22.5 ,0 ,2250, 225 ,10 ,325, 6.5 ,4 ,35 / 25, 1.75 / 1.25 ,1.7 ,100,1 ,400 , 24
   Basilisk ,2750, 550 , 5.4 ,650, 65 ,10 ,, , ,2500, 250 ,10 ,2200, 44 ,4 ,55 / 120, 2.75 / 6 ,1.7 ,100,1 ,175 , 10.5
   Basilosaurus ,2400, 480 , 4.86 ,300, 30 ,10 ,150, 15 ,0 ,8000, 800 ,10 ,700, 14 ,4 ,47 , 2.35  ,1.7 ,100,1 ,2000 , 120
   Beelzebufo ,220, 44 , 5.4 ,190, 19 ,10 ,150, 15 ,0 ,1500, 150 ,10 ,160, 3.2 ,4 ,12 / 20, 0.6 / 1 ,1.7 ,100,1 ,200 , 12
   Beelzemorbus ,60000, 12000 , ,450, 45 , ,150, 15 , ,2500, 250 , ,2500, 50 , ,? , ,0 ,100, ,300 , 18
   Bloodstalker ,450, 90 , 5.4 ,600, 60 ,10 ,150, 15 ,10 ,1200, 120 ,10 ,350, 7 ,4 ,26 , 1.3  ,1.7 ,100,1.5 ,180 , 10.8
   Bone Fire Wyvern ,8000, 1200 , ,600, 30 ,0 ,150, 15 ,0 ,2000, 200 ,0 ,400, 8 ,0 ,140 , 7  ,0 ,100, ,725 , 43.5
   Brontosaurus ,2070, 414 , 2.508 ,240, 24 ,10 ,150, 15 ,10 ,10000, 1000 ,10 ,1600, 32 ,4 ,60 , 3  ,1.7 ,100,2 ,2000 , 120
   Broodgenetrix ,60000, 12000 , ,150, 15 , ,150, 15 , ,1500, 150 , ,4000, 80 , ,? , ,0 ,100, ,100000 , 6000
   Broodmother Lysrix (Gamma) ,324000, 64800 , ,150, 15 ,0 ,, , ,1500, 150 ,0 ,4000, 80 ,0 ,180 , 9  ,0 ,100, ,100000 , 6000
   Broodmother Lysrix (The Center Gamma) ,356400, 71280 , ,150, 15 ,0 ,, , ,1500, 150 ,0 ,4000, 80 ,0 ,210 , 10.5  ,0 ,100, ,100000 , 6000
   Broodmother Lysrix (The Center Beta) ,421200, 84240 , ,150, 15 ,0 ,, , ,1500, 150 ,0 ,4000, 80 ,0 ,280 , 14  ,0 ,100, ,100000 , 6000
   Broodmother Lysrix (The Center Alpha) ,486000, 97200 , ,150, 15 ,0 ,, , ,1500, 150 ,0 ,4000, 80 ,0 ,700 , 35  ,0 ,100, ,100000 , 6000
   Broodmother Lysrix (Beta) ,648000, 97200 , ,150, 15 ,0 ,, , ,1500, 150 ,0 ,4000, 80 ,0 ,320 , 11.2  ,0 ,100, ,100000 , 6000
   Broodmother Lysrix (Alpha) ,972000, 243000 , ,150, 15 ,0 ,, , ,1500, 150 ,0 ,4000, 80 ,0 ,540 , 40.5  ,0 ,100, ,100000 , 6000
   Brute Araneo ,1850, 370 , ,250, 25 ,0 ,300, 30 ,0 ,900, 90 ,0 ,200, 4 ,0 ,20 , 1  ,0 ,100, ,600 , 36
   Brute Astrocetus ,10000, 90 , ,900, 45 ,0 ,, , ,7500, 750 ,0 ,2500, 50 ,0 ,88 , 3.52  ,0 ,100, ,1500 , 90
   Brute Basilosaurus ,2400, 480 , ,300, 30 ,0 ,150, 15 ,0 ,8000, 800 ,0 ,700, 14 ,0 ,47 , 2.35  ,0 ,100, ,2000 , 120
   Brute Bloodstalker ,2600, 780 , ,550, 55 ,0 ,300, 30 ,0 ,1800, 180 ,0 ,400, 8 ,0 ,72 , 3.6  ,0 ,100, ,360 , 21.6
   Brute Ferox ,3900, 1170 , ,900, 90 ,0 ,300, 30 ,0 ,1800, 180 ,0 ,700, 14 ,0 ,152 , 7.6  ,0 ,100, ,360 , 21.6
   Brute Fire Wyvern ,150000, 1500 , ,10000, 0 ,0 ,2000, 0 ,0 ,2600, 0 ,0 ,4000, 0 ,0 ,140 , 0  ,0 ,100, ,350 , 21
   Brute Leedsichthys ,8400, 1512 , ,750, 75 ,0 ,300, 30 ,0 ,10000, 1000 ,0 ,2400, 48 ,0 ,174 , 0  ,0 ,100, ,6750 , 405
   Brute Magmasaur ,2250, 675 , ,750, 37.5 ,0 ,400, 40 ,0 ,3000, 300 ,0 ,750, 15 ,0 ,59 , 1.77  ,0 ,100, ,1450 , 87
   Brute Malfunctioned Tek Giganotosaurus ,10000, 450 , ,400, 0.2 ,0 ,150, 0.375 ,0 ,4000, 10 ,0 ,700, 7 ,0 ,430 , 21.5  ,0 ,100, ,10000 , 600
   Brute Malfunctioned Tek Rex ,3950, 1185 , ,630, 63 ,0 ,300, 30 ,0 ,4000, 400 ,0 ,850, 17 ,0 ,135 , 6.75  ,0 ,100, ,3100 , 186
   Brute Mammoth ,3800, 1140 , ,495, 49.5 ,0 ,300, 30 ,0 ,7500, 750 ,0 ,1000, 20 ,0 ,104 , 5.2  ,0 ,100, ,1100 , 66
   Brute Megaloceros ,760, 228 , ,560, 56 ,0 ,300, 30 ,0 ,1800, 180 ,0 ,440, 8.8 ,0 ,55 , 2.75  ,0 ,100, ,350 , 21
   Brute Megaloceros ,2350, 705 , ,560, 56 ,0 ,300, 30 ,0 ,1800, 180 ,0 ,440, 8.8 ,0 ,55 , 2.75  ,0 ,100, ,350 , 21
   Brute Plesiosaur ,5100, 918 , ,1200, 120 ,0 ,300, 30 ,0 ,7500, 750 ,0 ,1200, 24 ,0 ,134 , 6.7  ,0 ,100, ,2400 , 144
   Brute Reaper King ,2500, 500 , ,480, 48 ,0 ,150, 15 ,0 ,3000, 300 ,0 ,415, 8.3 ,0 ,52 , 2.6  ,0 ,100, ,925 , 55.5
   Brute Sarco ,2700, 810 , ,450, 45 ,0 ,150, 15 ,0 ,2250, 225 ,0 ,600, 12 ,0 ,98 , 4.9  ,0 ,100, ,800 , 48
   Brute Seeker ,680, 204 , ,250, 25 ,0 ,300, 30 ,0 ,1750, 175 ,0 ,280, 5.6 ,0 ,10 , 0.5  ,0 ,100, ,600 , 36
   Brute Tusoteuthis ,7400, 2220 , ,450, 45 ,0 ,330, 33 ,0 ,4200, 420 ,0 ,1200, 24 ,0 ,98 , 4.9  ,0 ,100, ,2700 , 162
   Brute X-Allosaurus ,1750, 525 , ,500, 50 ,0 ,300, 30 ,0 ,4000, 400 ,0 ,560, 11.2 ,0 ,59 , 2.95  ,0 ,100, ,2000 , 120
   Brute X-Megalodon ,2600, 780 , ,640, 64 ,0 ,300, 30 ,0 ,3000, 300 ,0 ,500, 10 ,0 ,110 , 5.5  ,0 ,100, ,1200 , 72
   Brute X-Mosasaurus ,5300, 954 , ,600, 60 ,0 ,300, 30 ,0 ,10000, 1000 ,0 ,1800, 36 ,0 ,146 , 7.3  ,0 ,100, ,6000 , 360
   Brute X-Raptor ,820, 246 , ,250, 25 ,0 ,300, 30 ,0 ,1750, 175 ,0 ,280, 5.6 ,0 ,110 , 5.5  ,0 ,100, ,600 , 36
   Brute X-Rex ,3950, 1185 , ,630, 63 ,0 ,300, 30 ,0 ,4000, 400 ,0 ,850, 17 ,0 ,135 , 6.75  ,0 ,100, ,3100 , 186
   Brute X-Rock Elemental ,2100, 36.75 , ,450, 45 ,0 ,300, 30 ,0 ,7500, 750 ,0 ,880, 17.6 ,0 ,136 , 6.8  ,0 ,100, ,6500 , 390
   Brute X-Spino ,3200, 960 , ,700, 70 ,0 ,1000, 100 ,0 ,3400, 340 ,0 ,700, 14 ,0 ,92 , 4.6  ,0 ,100, ,1250 , 75
   Brute X-Yutyrannus ,3300, 990 , ,840, 84 ,0 ,300, 30 ,0 ,3800, 380 ,0 ,750, 15 ,0 ,110 , 5.5  ,0 ,100, ,3100 , 186
   Bulbdog ,145, 29 , 5.4 ,200, 24 ,12 ,165, 18.15 ,11 ,450, 45 ,10 ,120, 2.4 ,4 ,12 , 0.6  ,1.7 ,100,1 ,60 , 3.6
   Bunny Dodo ,40, 8 , ,100, 10 ,0 ,150, 15 ,0 ,450, 45 ,0 ,50, 1 ,0 ,5 , 0.25  ,0 ,100, ,30 , 1.8
   Carbonemys ,700, 140 , 5.4 ,200, 20 ,10 ,150, 15 ,0 ,3000, 300 ,10 ,270, 5.4 ,4 ,13 , 0.65  ,1.7 ,100,1 ,275 , 16.5
   Carnotaurus (Corrupted) ,420, 84 , ,300, 30 ,0 ,150, 15 ,0 ,2000, 200 ,0 ,300, 6 ,0 ,35 , 1.75  ,0 ,100, ,350 , 21
   Carnotaurus ,420, 84 , 5.4 ,300, 30 ,10 ,150, 15 ,10 ,2000, 200 ,10 ,300, 6 ,4 ,35 , 1.75  ,1.7 ,100,1.25 ,350 , 21
   Carnotaurus (Aberrant) ,420, 84 , 5.4 ,300, 30 ,10 ,150, 15 ,10 ,2000, 200 ,10 ,300, 6 ,4 ,35 , 1.75  ,1.7 ,100,1.25 ,350 , 21
   Castoroides ,450, 90 , 5.4 ,180, 18 ,10 ,750, 75 ,10 ,2000, 200 ,10 ,300, 6 ,4 ,28 , 1.12  ,1.7 ,100,1 ,350 , 21
   Chalicotherium (Corrupted) ,600, 120 , ,300, 30 ,0 ,150, 15 ,0 ,4000, 400 ,0 ,400, 8 ,0 ,36 , 1.8  ,0 ,100, ,500 , 30
   Chalicotherium ,600, 120 , 5.4 ,300, 30 ,10 ,150, 15 ,10 ,4000, 400 ,10 ,400, 8 ,4 ,36 / 32, 1.8 / 1.6 ,1.7 ,100,1 ,500 , 30
   Cnidaria ,180, 36 , ,120, 12 ,0 ,, , ,1200, 120 ,0 ,25, 0.5 ,0 ,30 , 1.5  ,0 ,100, ,250 , 15
   Coelacanth ,30, 6 , ,100, 10 ,0 ,, , ,100, 10 ,0 ,8, 0.16 ,0 ,5 , 0.25  ,0 ,100, ,15 , 0.9
   Compy ,50, 10 , 6.4 ,100, 10 ,10 ,150, 15 ,10 ,450, 45 ,10 ,25, 0.5 ,4 ,4 , 0.2  ,1.7 ,100,1 ,25 , 1.5
   Corrupted Avatar ,, , ,?, , ,, , ,?, , ,?, , ,? , ,0 ,, , , 
   Corrupted Master Controller (Gamma) ,25000, 5000 , ,100, 10 ,0 ,150, 15 ,0 ,100, 10 ,0 ,100, 2 ,0 ,? , ,0 ,100, ,100 , 6
   Corrupted Master Controller (Beta) ,60000, 12000 , ,100, 10 ,0 ,150, 15 ,0 ,100, 10 ,0 ,100, 2 ,0 ,? , ,0 ,100, ,100 , 6
   Corrupted Master Controller (Alpha) ,150000, 30000 , ,100, 10 ,0 ,150, 15 ,0 ,100, 10 ,0 ,100, 2 ,0 ,? , ,0 ,100, ,100 , 6
   Crystal Wyvern ,1725, 258.75 , 4.05 ,275, 13.75 ,5 ,150, 15 ,10 ,2000, 200 ,10 ,400, 8 ,4 ,80 , 4  ,1.7 ,100, ,725 , 43.5
   Cubozoa Multis ,180, 36 , ,120, 12 , ,150, 15 , ,1200, 120 , ,25, 0.5 , ,? , ,0 ,100, ,250 , 15
   Daeodon ,900, 180 , 5.4 ,250, 25 ,10 ,150, 15 ,10 ,2500, 250 ,10 ,400, 8 ,4 ,29 , 1.45  ,1.7 ,100,1 ,800 , 48
   Deathworm (Minion) ,1725, 3.45 , ,100, 10 ,0 ,, , ,100, 10 ,0 ,100, 2 ,0 ,225 , 11.25  ,0 ,100, ,100 , 6
   Deathworm ,20000, 40 , ,100, 10 ,0 ,, , ,100, 10 ,0 ,100, 2 ,0 ,225 , 11.25  ,0 ,100, ,100 , 6
   Defense Unit (Gamma) ,924.0001, 184.80002 , ,2000, 200 ,0 ,150, 15 ,0 ,3000, 300 ,0 ,1500, 30 ,0 ,35 , 1.75  ,0 ,100, ,420 , 25.2
   Defense Unit (Beta) ,1848.0001, 369.60002 , ,2000, 200 ,0 ,150, 15 ,0 ,3000, 300 ,0 ,1500, 30 ,0 ,35 , 1.75  ,0 ,100, ,420 , 25.2
   Defense Unit (Alpha) ,2772, 554.4 , ,2000, 200 ,0 ,150, 15 ,0 ,3000, 300 ,0 ,1500, 30 ,0 ,35 , 1.75  ,0 ,100, ,420 , 25.2
   Deinonychus ,200, 40 , 5.4 ,150, 15 ,10 ,150, 15 ,10 ,1200, 120 ,10 ,140, 2.8 ,4 ,30 / 30, 1.5 / 1.5 ,1.7 ,100,1.5 ,180 , 10.8
   Desert Titan ,4000, 800 , 5.4 ,10000, 1000 ,10 ,150, 15 ,10 ,100, 10 ,10 ,100, 2 ,4 ,15 , 0.75  ,1.7 ,100,1 ,100 , 6
   Desert Titan ,250000, 0 , ,5000, 0 ,0 ,150, 0 ,0 ,864, 0 ,0 ,9000, 0 ,0 ,0 , 0  ,0 ,100, ,30094 , 1805.64
   Dilophosaur (Corrupted) ,130, 26 , ,100, 10 ,0 ,150, 15 ,0 ,450, 45 ,0 ,45, 0.9 ,0 ,10 , 0.5  ,0 ,100, ,75 , 4.5
   Dilophosaur ,130, 26 , 5.4 ,100, 10 ,10 ,150, 15 ,10 ,450, 45 ,10 ,45, 0.9 ,4 ,10 / 3, 0.5 / 0.15 ,1.7 ,100,1 ,75 , 4.5
   Dimetrodon ,350, 70 , 5.4 ,300, 30 ,10 ,500, 50 ,0 ,1500, 150 ,10 ,250, 5 ,4 ,20 , 0.4  ,0.68 ,100,1 ,750 , 45
   Dimorphodon ,125, 25 , 5.4 ,150, 15 ,10 ,150, 15 ,10 ,900, 90 ,10 ,50, 1 ,4 ,23 , 1.15  ,1.7 ,100,1 ,100 , 6
   Diplocaulus ,190, 38 , 5.4 ,165, 16.5 ,10 ,1050, 105 ,10 ,1500, 150 ,10 ,150, 3 ,4 ,10 , 0.5  ,1.7 ,100,1 ,220 , 13.2
   Diplodocus ,1700, 340 , 5.4 ,550, 55 ,10 ,300, 30 ,10 ,10000, 1000 ,10 ,800, 16 ,4 ,0 , 0  ,0 ,100,1 ,3000 , 180
   Dire Bear ,400, 80 , 5.4 ,500, 50 ,10 ,270, 27 ,10 ,3000, 300 ,10 ,650, 13 ,4 ,50 / 65, 2.5 / 3.25 ,1.7 ,100,1 ,1000 , 60
   Dire Bear ,800, 160 , ,500, 50 ,0 ,270, 27 ,0 ,3000, 300 ,0 ,650, 13 ,0 ,50 / 65, 2.5 / 3.25 ,0 ,100, ,1000 , 60
   Direwolf ,330, 66 , 5.4 ,260, 26 ,10 ,150, 15 ,10 ,1200, 120 ,10 ,170, 3.4 ,4 ,33 , 1.65  ,1.7 ,100,1 ,450 , 27
   Dodo ,40, 8 , 5.4 ,100, 10 ,10 ,150, 15 ,10 ,450, 45 ,10 ,50, 1 ,4 ,5 , 0.25  ,1.7 ,100,1 ,30 , 1.8
   Dodo Wyvern ,666666, 133333.2 , ,400, 40 ,0 ,2000, 200 ,0 ,2600, 260 ,0 ,3000, 60 ,0 ,600 , 30  ,0 ,100, ,350 , 21
   Dodobitus ,85000, 0 , ,650, 0 , ,2000, 0 , ,2600, 0 , ,2000, 40 , ,? , ,0 ,100, ,350 , 21
   DodoRex ,666666, 133333.2 , 5.4 ,1666, 166.6 ,10 ,150, 15 ,10 ,3000, 300 ,10 ,500, 10 ,4 ,666 , 33.3  ,1.7 ,100,1 ,1550 , 93
   Doedicurus ,850, 170 , 5.4 ,300, 30 ,10 ,150, 15 ,10 ,3000, 300 ,10 ,250, 5 ,4 ,32 / 16, 1.6 / 0.8 ,1.7 ,100,2 ,800 , 48
   Doedicurus Vastus ,60000, 12000 , ,300, 30 , ,150, 15 , ,3000, 300 , ,250, 5 , ,? , ,0 ,100, ,800 , 48
   Dragon (Gamma) ,432000, 86400 , ,10000, 1000 ,0 ,, , ,2600, 260 ,0 ,4000, 80 ,0 ,0 , 0  ,0 ,100, ,350 , 21
   Dragon (Beta) ,864000, 172800 , ,10000, 1000 ,0 ,, , ,2600, 260 ,0 ,4000, 80 ,0 ,0 , 0  ,0 ,100, ,350 , 21
   Dragon (Alpha) ,972000, 243000 , ,10000, 1000 ,0 ,, , ,2600, 260 ,0 ,4000, 80 ,0 ,0 , 0  ,0 ,100, ,350 , 21
   Dung Beetle ,200, 40 , 2.7 ,100, 10 ,10 ,150, 15 ,10 ,900, 90 ,10 ,5, 0.1 ,8 ,5 , 0.25  ,1.7 ,100,1 ,200 , 12
   Dunkleosteus ,710, 142 , 5.4 ,200, 20 ,10 ,150, 15 ,0 ,2000, 200 ,10 ,910, 18.2 ,4 ,60 , 3  ,1.7 ,100,1 ,1150 , 69
   Electrophorus ,180, 36 , 5.4 ,165, 16.5 ,10 ,1050, 105 ,10 ,1500, 150 ,10 ,150, 3 ,4 ,3 / 15, 0.15 / 0.75 ,1.7 ,100,1 ,175 , 10.5
   Enforcer ,375, 75 , 5.4 ,450, 45 ,10 ,150, 15 ,10 ,1500, 150 ,10 ,800, 16 ,4 ,34 , 1.7  ,1.7 ,100,1 ,5000 , 300
   Enraged Corrupted Rex ,8500, 1700 , ,420, 42 ,0 ,, , ,3000, 300 ,0 ,500, 10 ,0 ,200 , 10  ,0 ,100, ,1550 , 93
   Enraged Triceratops ,2500, 500 , ,150, 15 , ,150, 15 , ,3000, 300 , ,365, 7.3 , ,0 , 0  ,0 ,, ,250 , 15
   Equus ,240, 48 , 5.4 ,560, 56 ,10 ,150, 15 ,10 ,1500, 150 ,10 ,350, 7 ,4 ,9 / 11, 0.45 / 0.55 ,1.7 ,100,1.75 ,420 , 25.2
   Eurypterid ,160, 32 , ,100, 10 ,0 ,, , ,450, 45 ,0 ,150, 3 ,0 ,7 , 0.35  ,0 ,100, ,50 , 3
   Featherlight ,115, 23 , 5.4 ,100, 10 ,10 ,180, 19.8 ,11 ,450, 45 ,10 ,70, 1.4 ,4 ,3 , 0.195  ,2.04 ,100,1 ,60 , 3.6
   Ferox ,55, 11 , 5.4 ,100, 10 ,10 ,150, 15 ,10 ,450, 45 ,10 ,55, 1.1 ,4 ,5 , 0.25  ,1.7 ,100,1 ,30 , 1.8
   Ferox ,1100, 220 , 5.4 ,1000, 100 ,10 ,150, 15 ,10 ,1200, 120 ,10 ,350, 7 ,4 ,46 , 2.3  ,1.7 ,100,0.1 ,180 , 10.8
   Forest Titan ,400000, 0 , ,6000, 0 ,0 ,150, 0 ,0 ,864, 0 ,0 ,50000, 0 ,0 ,0 , 0  ,0 ,100, ,1818800 , 109128
   Gacha ,750, 150 , 5.4 ,325, 32.5 ,10 ,150, 15 ,10 ,3000, 300 ,10 ,550, 22 ,4 ,32 , 1.6  ,1.7 ,100,1 ,600 , 36
   GachaClaus ,750, 150 , ,325, 32.5 ,0 ,150, 15 ,0 ,3000, 300 ,0 ,550, 22 ,0 ,32 , 1.6  ,0 ,100, ,600 , 36
   Gallimimus ,150, 30 , 5.4 ,300, 30 ,10 ,150, 15 ,10 ,1000, 100 ,10 ,270, 5.4 ,4 ,8 , 0.4  ,3.4 ,100,1 ,420 , 25.2
   Gasbags ,650, 130 , 5.4 ,600, 60 ,10 ,1000, 90 ,9 ,3500, 350 ,10 ,3000, 60 ,1.25 ,5 , 0.25  ,1.7 ,100,1.5 ,450 , 27
   Giant Bee ,80, 16 , 5.4 ,200, 20 ,10 ,150, 15 ,10 ,450, 45 ,10 ,150, 3 ,4 ,8 , 0.4  ,1.7 ,100,1 ,400 , 24
   Giganotosaurus (Corrupted) ,35000, 17.5 , ,400, 0.2 ,0 ,150, 0.375 ,0 ,4000, 10 ,0 ,700, 7 ,0 ,500 , 25  ,0 ,100, ,10000 , 600
   Giganotosaurus ,80000, 40 , 0.04 ,400, 0.2 ,1 ,150, 0.375 ,2.5 ,4000, 10 ,2.5 ,700, 7 ,1 ,300 , 15  ,0.85 ,100,0.31 ,10000 , 600
   Gigantopithecus ,640, 64 , 5.4 ,300, 30 ,10 ,150, 15 ,10 ,1500, 150 ,10 ,220, 4.4 ,4 ,40 / 60, 1.6 / 2.4 ,1.7 ,100,1 ,1100 , 66
   Glowbug ,75, 15 , ,100, 10 ,0 ,150, 15 ,0 ,450, 45 ,0 ,50, 1 ,0 ,18 , 0.9  ,0 ,100, ,100 , 6
   Glowtail ,115, 23 , 5.4 ,100, 10 ,12.5 ,200, 24 ,11.5 ,450, 45 ,10 ,70, 1.4 ,4 ,12 , 0.66  ,1.87 ,100,1 ,60 , 3.6
   Golden Striped Brute Megalodon ,, , ,?, , ,, , ,?, , ,?, , ,? , ,0 ,, , , 
   Golden Striped Megalodon ,, , ,?, , ,, , ,?, , ,?, , ,? , ,0 ,, , , 
   Griffin ,950, 142.5 , 4.32 ,225, 11.25 ,6 ,150, 15 ,10 ,1600, 160 ,10 ,280, 5.6 ,4 ,27 / 12, 1.35 / 0.6 ,1.7 ,100, ,1500 , 90
   Gula Beetle ,50000, 0 , ,100, 0 , ,150, 0 , ,900, 0 , ,5, 0 , ,? , ,0 ,100, ,200 , 12
   Hesperornis ,95, 19 , 5.4 ,200, 20 ,10 ,, , ,900, 90 ,10 ,70, 1.4 ,4 ,1 / 25, 0.05 / 1.25 ,1.7 ,100,1 ,300 , 18
   Hyaenodon ,175, 35 , 5.4 ,260, 26 ,10 ,150, 15 ,10 ,1200, 120 ,10 ,170, 3.4 ,4 ,15 , 0.75  ,1.7 ,100,2.5 ,450 , 27
   Ice Titan ,350000, 0 , ,10000, 0 ,0 ,150, 0 ,0 ,864, 0 ,0 ,50000, 0 ,0 ,2500 , 0  ,0 ,100, ,1218800 , 73128
   Iceworm Male ,1700, 3.4 , ,100, 10 ,0 ,, , ,100, 10 ,0 ,100, 2 ,0 ,225 , 11.25  ,0 ,100, ,100 , 6
   Iceworm Queen ,27000, 54 , ,100, 10 ,0 ,, , ,100, 10 ,0 ,100, 2 ,0 ,500 , 25  ,0 ,100, ,100 , 6
   Ichthyornis ,50, 10 , 5.4 ,150, 15 ,10 ,150, 15 ,10 ,1000, 100 ,10 ,55, 1.1 ,4 ,1 / 5, 0.05 / 0.25 ,1.7 ,100,1 ,120 , 7.2
   Ichthyosaurus ,275, 13.75 , 1.35 ,300, 60 ,20 ,150, 15 ,0 ,1000, 100 ,10 ,250, 5 ,4 ,15 , 0.75  ,0.85 ,100,1.5 ,300 , 18
   Iguanodon ,250, 50 , 5.4 ,200, 20 ,10 ,150, 15 ,10 ,1800, 180 ,10 ,375, 7.5 ,4 ,25 , 1.25  ,1.7 ,100,2 ,210 , 12.6
   Injured Brute Reaper King ,, , ,?, , ,, , ,?, , ,?, , ,? , ,0 ,, , , 
   Insect Swarm ,500, 100 , ,100, 10 ,0 ,150, 15 ,0 ,100, 10 ,0 ,100, 2 ,0 ,23 , 1.15  ,0 ,100, ,100 , 6
   Jerboa ,55, 11 , 5.4 ,100, 10 ,10 ,150, 15 ,10 ,450, 45 ,10 ,55, 1.1 ,4 ,3 , 0.15  ,1.7 ,100,1 ,30 , 1.8
   Jug Bug ,75, 15 , ,100, 10 ,0 ,150, 15 ,0 ,450, 45 ,0 ,50, 1 ,0 ,18 , 0.9  ,0 ,100, ,100 , 6
   Kairuku ,95, 19 , 5.4 ,200, 20 ,10 ,, , ,900, 90 ,10 ,70, 1.4 ,4 ,8 , 0.4  ,1.7 ,100,1 ,300 , 18
   Kaprosuchus ,200, 40 , 5.4 ,350, 35 ,10 ,150, 15 ,0 ,1200, 120 ,10 ,140, 2.8 ,4 ,25 / 45, 1.25 / 2.25 ,1.7 ,100,1 ,200 , 12
   Karkinos ,1200, 240 , 5.4 ,600, 60 ,10 ,, , ,5000, 500 ,10 ,800, 16 ,4 ,32 / 50, 1.6 / 2.5 ,1.7 ,100,1 ,800 , 48
   Kentrosaurus ,650, 130 , 5.4 ,300, 30 ,10 ,150, 15 ,10 ,6000, 600 ,10 ,500, 10 ,4 ,10 / 42, 0.5 / 2.1 ,1.7 ,100,1 ,500 , 30
   King Titan ,1500000, 0 , ,1000000, 100000 ,0 ,150, 15 ,0 ,100, 10 ,0 ,100, 2 ,0 ,0 , 0  ,0 ,100, ,100 , 6
   King Titan ,2000000, 0 , ,100000, 10000 ,0 ,150, 15 ,0 ,100, 10 ,0 ,100, 2 ,0 ,0 , 0  ,0 ,100, ,100 , 6
   King Titan ,2500000, 0 , ,100000, 10000 ,0 ,150, 15 ,0 ,100, 10 ,0 ,100, 2 ,0 ,0 , 0  ,0 ,100, ,100 , 6
   Lamprey ,40, 8 , ,100, 10 ,0 ,, , ,450, 45 ,0 ,10, 0.2 ,0 ,7 , 0.35  ,0 ,100, ,50 , 3
   Lava Elemental ,60000, 750 , ,300, 30 ,0 ,, , ,6000, 600 ,0 ,660, 13.2 ,0 ,120 , 6  ,0 ,100, ,5000 , 300
   Leech ,40, 8 , ,100, 10 ,0 ,, , ,450, 45 ,0 ,10, 0.2 ,0 ,7 , 0.35  ,0 ,100, ,50 , 3
   Leedsichthys ,4400, 528 , ,500, 50 ,0 ,, , ,8000, 800 ,0 ,1800, 36 ,0 ,115 , 0  ,0 ,100, ,4500 , 270
   Liopleurodon ,3200, 640 , 5.4 ,800, 80 ,10 ,, , ,2000, 200 ,10 ,1000, 20 ,4 ,40 , 2  ,1.7 ,100,1 ,800 , 48
   Lymantria ,260, 52 , 5.4 ,150, 7.5 ,6 ,150, 15 ,10 ,2000, 200 ,10 ,175, 3.5 ,3 ,18 , 0.9  ,1.7 ,100, ,550 , 33
   Lystrosaurus ,90, 18 , 5.4 ,100, 10 ,10 ,215, 21.5 ,10 ,500, 50 ,10 ,90, 1.8 ,4 ,6 , 0.3  ,1.7 ,100,1 ,100 , 6
   Magmasaur ,3000, 150 , 2.7 ,500, 25 ,5 ,200, 20 ,10 ,2000, 200 ,10 ,550, 11 ,4 ,120 , 3.6  ,0.51 ,100,0.5 ,725 , 43.5
   Mammoth ,850, 170 , 5.4 ,330, 33 ,10 ,150, 15 ,10 ,5000, 500 ,10 ,500, 10 ,4 ,48 / 69, 2.4 / 3.45 ,1.7 ,100,1.5 ,550 , 33
   Managarmr ,825, 165 , 5.4 ,300, 30 ,6 ,150, 15 ,10 ,2000, 200 ,10 ,300, 6 ,4 ,0 , 0  ,1.7 ,100,0.35 ,800 , 48
   Manta ,320, 16 , 1.35 ,270, 54 ,20 ,, , ,1000, 100 ,10 ,200, 4 ,4 ,28 , 1.4  ,0.85 ,100,1.25 ,700 , 42
   Manticore (Gamma) ,100000, 20000 , ,400, 40 ,0 ,2000, 200 ,0 ,2600, 260 ,0 ,3000, 60 ,0 ,85 / 8, 4.25 / 0.4 ,0 ,100, ,350 , 21
   Manticore (Beta) ,130000, 32500 , ,400, 40 ,0 ,2000, 200 ,0 ,2600, 260 ,0 ,3000, 60 ,0 ,110 / 10, 7.7 / 0.7 ,0 ,100, ,350 , 21
   Manticore (Alpha) ,160000, 48000 , ,400, 40 ,0 ,2000, 200 ,0 ,2600, 260 ,0 ,3000, 60 ,0 ,120 / 16, 12 / 1.6 ,0 ,100, ,350 , 21
   Mantis ,275, 55 , 2.7 ,150, 15 ,10 ,150, 15 ,10 ,900, 90 ,10 ,220, 4.4 ,8 ,34 / 120, 0.85 / 3 ,1.7 ,100,1 ,350 , 21
   Megachelon ,1920, 384 , 5.4 ,100, 10 ,10 ,150, 15 ,10 ,8800, 880 ,10 ,2500, 50 ,4 ,125 , 6.25  ,1.7 ,100,1 ,10000 , 600
   Megalania ,480, 96 , 5.4 ,400, 40 ,10 ,200, 20 ,10 ,1500, 150 ,10 ,400, 8 ,4 ,10 / 16, 0.5 / 0.8 ,1.7 ,100,1 ,700 , 42
   Megaloceros ,300, 60 , 5.4 ,280, 28 ,10 ,150, 15 ,10 ,1200, 120 ,10 ,220, 4.4 ,4 ,30 , 1.5  ,1.7 ,100,1 ,175 , 10.5
   Megalodon ,600, 120 , 5.4 ,320, 32 ,10 ,150, 15 ,0 ,2000, 200 ,10 ,250, 5 ,4 ,40 , 2  ,1.7 ,100,1 ,800 , 48
   Megalosaurus ,1025, 205 , 5.4 ,300, 30 ,10 ,150, 15 ,10 ,2000, 200 ,10 ,300, 6 ,4 ,75 / 1, 3.75 / 0.05 ,1.7 ,100,1 ,775 , 46.5
   Meganeura ,45, 9 , ,100, 10 ,0 ,150, 15 ,0 ,450, 45 ,0 ,50, 1 ,0 ,10 , 0.5  ,0 ,100, ,100 , 6
   Megapithecus (Gamma) ,180000, 0 , ,650, 0 ,0 ,, , ,2600, 0 ,0 ,4000, 80 ,0 ,400 , 0  ,0 ,100, ,350 , 21
   Megapithecus (The Center Gamma) ,352000, 0 , ,650, 0 ,0 ,, , ,2600, 0 ,0 ,4000, 80 ,0 ,400 , 0  ,0 ,100, ,350 , 21
   Megapithecus (Beta) ,396000, 0 , ,650, 0 ,0 ,, , ,2600, 0 ,0 ,4000, 80 ,0 ,800 , 0  ,0 ,100, ,350 , 21
   Megapithecus (The Center Beta) ,400000, 0 , ,650, 0 ,0 ,, , ,2600, 0 ,0 ,4000, 80 ,0 ,600 , 0  ,0 ,100, ,350 , 21
   Megapithecus (The Center Alpha) ,464000, 0 , ,650, 0 ,0 ,, , ,2600, 0 ,0 ,4000, 80 ,0 ,800 , 0  ,0 ,100, ,350 , 21
   Megapithecus (Alpha) ,540000, 0 , ,650, 0 ,0 ,, , ,2600, 0 ,0 ,4000, 80 ,0 ,1200 , 0  ,0 ,100, ,350 , 21
   Megapithecus Pestis ,54000, 0 , ,650, 0 , ,2000, 0 , ,2600, 0 , ,4000, 80 , ,? , ,0 ,100, ,350 , 21
   Megatherium ,740, 148 , 5.4 ,400, 40 ,10 ,270, 27 ,10 ,3000, 300 ,10 ,725, 14.5 ,4.5 ,32 , 1.6  ,1.7 ,100,1 ,1000 , 60
   Mek ,5500, 880 , 5.4 ,1000, 100 ,10 ,150, , ,100, , ,1250, 110.625 ,4 ,0 , 0  ,1.7 ,,1 ,100 , 6
   Mek (Mega) ,9000, 1800 , 5.4 ,1000, 100 ,10 ,150, , ,100, , ,9001, 180.02 ,4 ,0 , 0  ,1.7 ,,1 ,100 , 6
   Mesopithecus ,115, 23 , 5.4 ,100, 10 ,10 ,150, 15 ,10 ,450, 45 ,10 ,70, 1.4 ,4 ,12 / 1, 0.6 / 0.05 ,1.7 ,100,1 ,60 , 3.6
   Microraptor ,130, 26 , 5.4 ,100, 10 ,10 ,150, 15 ,10 ,450, 45 ,10 ,45, 0.9 ,4 ,8 , 0.4  ,1.7 ,100,1 ,75 , 4.5
"   Moeder, Master of the Ocean (Gamma) ",3200, 640 , ,300, 30 ,0 ,, ,0 ,100, 10 ,0 ,850, 17 ,0 ,175 , 8.75  ,0 ,100, ,1500.5 , 90.03
"   Moeder, Master of the Ocean (Beta) ",6400, 1280 , ,300, 30 ,0 ,, ,0 ,100, 10 ,0 ,850, 17 ,0 ,175 , 8.75  ,0 ,100, ,1500.5 , 90.03
"   Moeder, Master of the Ocean (Alpha) ",9600, 1920 , ,300, 30 ,0 ,, ,0 ,100, 10 ,0 ,850, 17 ,0 ,175 , 8.75  ,0 ,100, ,1500.5 , 90.03
"   Moeder, Master of the Ocean (Gamma) ",490000, 98000 , ,600, 60 ,0 ,, ,0 ,12000, 1200 ,0 ,2000, 40 ,0 ,180 , 9  ,0 ,100, ,5000 , 300
"   Moeder, Master of the Ocean (Beta) ",686000, 137200 , ,600, 60 ,0 ,, ,0 ,12000, 1200 ,0 ,2000, 40 ,0 ,360 , 18  ,0 ,100, ,5000 , 300
"   Moeder, Master of the Ocean (Alpha) ",960400, 192080 , ,600, 60 ,0 ,, ,0 ,12000, 1200 ,0 ,2000, 40 ,0 ,520 , 26  ,0 ,100, ,5000 , 300
   Morellatops ,400, 80 , 5.4 ,220, 22 ,10 ,150, 15 ,10 ,6000, 600 ,10 ,440, 8.8 ,4 ,32 , 1.6  ,1.7 ,100,1 ,315 , 18.9
   Mosasaurus ,3600, 432 , 4.2 ,400, 40 ,10 ,, , ,8000, 800 ,10 ,1300, 26 ,4 ,100 , 5  ,1.7 ,100,0.5 ,3000 , 180
   Moschops ,375, 75 , 5.4 ,300, 30 ,10 ,150, 15 ,10 ,300, 30 ,10 ,200, 4 ,4 ,32 , 1.6  ,1.7 ,100,1 ,300 , 18
   Moschops (Aberrant) ,375, 75 , 5.4 ,300, 30 ,10 ,150, 15 ,10 ,300, 30 ,10 ,200, 4 ,4 ,32 , 1.6  ,1.7 ,100,1 ,300 , 18
   Nameless ,220, 44 , ,150, 15 ,0 ,150, 15 ,0 ,1500, 150 ,0 ,180, 3.6 ,0 ,10 , 0.5  ,0 ,100, ,220 , 13.2
   Noctis ,240, 48 , 5.4 ,560, 56 ,10 ,150, 15 ,10 ,1500, 150 ,10 ,350, 7 ,4 ,9 / 11, 0.45 / 0.55 ,1.7 ,100,1.75 ,420 , 25.2
   Obsidioequus ,60000, 12000 , ,650, 65 , ,150, 15 , ,4000, 400 , ,3000, 60 , ,? , ,0 ,100, ,500 , 30
   Onyc ,250, 50 , 5.4 ,100, 10 ,10 ,150, 15 ,10 ,1500, 150 ,10 ,50, 1 ,4 ,35 , 1.75  ,1.7 ,100,1 ,200 , 12
   Otter ,40, 8 , 5.4 ,180, 18 ,10 ,600, 60 ,10 ,400, 40 ,10 ,30, 0.6 ,4 ,10 , 0.4  ,1.7 ,100,1 ,350 , 21
   Overseer ,24000, 4800 , ,10000, 1000 ,0 ,2000, 200 ,0 ,2600, 260 ,0 ,4000, 80 ,2 ,0 , 0  ,0 ,100, ,350 , 21
   Overseer (Gamma) ,63360, 12672 , ,10000, 1000 ,0 ,, , ,2600, 260 ,0 ,4000, 80 ,0 ,0 , 0  ,0 ,100, ,350 , 21
   Overseer (Beta) ,132480, 26496 , ,10000, 1000 ,0 ,, , ,2600, 260 ,0 ,4000, 80 ,0 ,0 , 0  ,0 ,100, ,350 , 21
   Overseer (Alpha) ,207360.0156, 41472.00312 , ,10000, 1000 ,0 ,, , ,2600, 260 ,0 ,4000, 80 ,0 ,0 , 0  ,0 ,100, ,350 , 21
   Oviraptor ,140, 28 , 5.4 ,120, 12 ,10 ,150, 15 ,10 ,900, 90 ,10 ,100, 2 ,4 ,12 , 0.6  ,1.7 ,100,1 ,125 , 7.5
   Ovis ,100, 20 , 5.4 ,100, 10 ,10 ,150, 15 ,10 ,1200, 120 ,10 ,90, 1.8 ,4 ,5 , 0.25  ,1.7 ,100,1 ,85 , 5.1
   Pachy ,175, 35 , 5.4 ,150, 15 ,10 ,150, 15 ,10 ,1200, 120 ,10 ,150, 3 ,4 ,10 , 0.5  ,1.7 ,100,3 ,160 , 9.6
   Pachyrhinosaurus ,375, 75 , 5.4 ,150, 15 ,10 ,150, 15 ,10 ,3000, 300 ,10 ,365, 7.3 ,4 ,28 / 10, 1.4 / 0.5 ,1.7 ,100,1 ,250 , 15
   Paraceratherium (Corrupted) ,1026, 205.2 , ,300, 30 ,0 ,150, 15 ,0 ,6500, 650 ,0 ,850, 17 ,0 ,45 , 2.25  ,0 ,100, ,1300 , 78
   Paraceratherium ,1026, 205.2 , 4.05 ,300, 30 ,10 ,150, 15 ,10 ,6500, 650 ,10 ,850, 17 ,4 ,45 , 2.25  ,1.7 ,100,1 ,1300 , 78
   Paraceratherium (Aberrant) ,1026, 205.2 , 4.05 ,300, 30 ,10 ,150, 15 ,10 ,6500, 650 ,10 ,850, 17 ,4 ,45 , 2.25  ,1.7 ,100,1 ,1300 , 78
   Parakeet Fish School ,1800, 360 , ,100, 10 ,0 ,150, 15 ,0 ,100, 10 ,0 ,100, 2 ,0 ,23 , 1.15  ,0 ,100, ,100 , 6
   Parasaur ,200, 40 , 5.4 ,450, 45 ,10 ,150, 15 ,10 ,1500, 150 ,10 ,480, 9.6 ,4 ,12 , 0.6  ,1.7 ,100,1 ,150 , 9
   Parasaur (Aberrant) ,200, 40 , 5.4 ,450, 45 ,10 ,150, 15 ,10 ,1500, 150 ,10 ,480, 9.6 ,4 ,12 , 0.6  ,1.7 ,100,1 ,150 , 9
   Pegomastax ,120, 24 , 5.4 ,100, 10 ,10 ,150, 15 ,10 ,450, 45 ,10 ,55, 1.1 ,4 ,10 / 1, 0.5 / 0.05 ,1.7 ,100,1 ,30 , 1.8
   Pelagornis ,240, 48 , 5.4 ,180, 9 ,4 ,150, 15 ,10 ,1200, 120 ,10 ,150, 3 ,3 ,16 , 0.8  ,1.275 ,100, ,120 , 7.2
   Phiomia ,300, 60 , 5.4 ,300, 30 ,10 ,150, 15 ,10 ,3000, 300 ,10 ,200, 4 ,4 ,10 , 0.5  ,1.7 ,100,1 ,240 , 14.4
   Phoenix ,640, 128 , 5.4 ,352, 35.2 ,10 ,150, 15 ,10 ,1500, 150 ,10 ,324, 6.48 ,4 ,14 / 23, 0.7 / 1.15 ,1.7 ,100, ,200 , 12
   Piranha ,150, 30 , ,120, 12 ,0 ,, , ,1200, 120 ,0 ,15, 0.3 ,0 ,22 , 1.1  ,0 ,100, ,250 , 15
   Plesiosaur ,2400, 288 , 3.24 ,800, 80 ,10 ,150, 15 ,0 ,5000, 500 ,10 ,800, 16 ,4 ,75 , 3.75  ,1.7 ,100,0.5 ,1600 , 96
   Procoptodon ,400, 80 , 5.4 ,350, 35 ,10 ,150, 15 ,10 ,1500, 150 ,10 ,550, 11 ,4 ,20 , 1  ,1.7 ,100,1 ,350 , 21
   Pteranodon (Corrupted) ,210, 42 , ,150, 7.5 ,0 ,150, 15 ,0 ,1200, 120 ,0 ,120, 2.4 ,0 ,12 , 0.6  ,0 ,100, ,120 , 7.2
   Pteranodon ,210, 42 , 3 ,150, 7.5 ,4 ,150, 15 ,10 ,1200, 120 ,10 ,120, 2.4 ,3 ,18 / 50, 0.9 / 2.5 ,1.275 ,100, ,120 , 7.2
   Pteranodon (Gamma Minion) ,520, 104 , 3 ,150, 7.5 ,4 ,150, 15 ,10 ,1200, 120 ,10 ,120, 2.4 ,3 ,18 / 50, 0.9 / 2.5 ,1.275 ,100, ,120 , 7.2
   Pteranodon (Beta Minion) ,1040, 208 , 3 ,150, 7.5 ,4 ,150, 15 ,10 ,1200, 120 ,10 ,120, 2.4 ,3 ,18 / 50, 0.9 / 2.5 ,1.275 ,100, ,120 , 7.2
   Pteranodon (Alpha Minion) ,1560, 312 , 3 ,150, 7.5 ,4 ,150, 15 ,10 ,1200, 120 ,10 ,120, 2.4 ,3 ,18 / 50, 0.9 / 2.5 ,1.275 ,100, ,120 , 7.2
   Pulmonoscorpius ,280, 56 , 5.4 ,200, 20 ,10 ,150, 15 ,10 ,1500, 150 ,10 ,200, 4 ,4 ,15 , 0.75  ,1.7 ,100,1 ,150 , 9
   Purlovia ,275, 55 , 5.4 ,300, 30 ,10 ,150, 15 ,10 ,4000, 400 ,10 ,400, 8 ,4 ,32 , 1.6  ,1.7 ,100,1 ,500 , 30
   Purlovia ,550, 110 , ,300, 30 ,0 ,150, 15 ,0 ,4000, 400 ,0 ,400, 8 ,0 ,32 , 1.6  ,0 ,100, ,500 , 30
   Quetzal ,1200, 240 , 2.16 ,800, 40 ,5 ,150, 15 ,10 ,1200, 120 ,10 ,800, 16 ,5 ,32 , 1.28  ,1.7 ,100, ,1850 , 111
   Raptor (Corrupted) ,200, 40 , ,150, 15 ,0 ,150, 15 ,0 ,1200, 120 ,0 ,140, 2.8 ,0 ,15 , 0.75  ,0 ,100, ,180 , 10.8
   Raptor ,200, 40 , 5.4 ,150, 15 ,10 ,150, 15 ,10 ,1200, 120 ,10 ,140, 2.8 ,4 ,15 / 10, 0.75 / 0.5 ,1.7 ,100,1.5 ,180 , 10.8
   Raptor (Aberrant) ,200, 40 , 5.4 ,150, 15 ,10 ,150, 15 ,10 ,1200, 120 ,10 ,140, 2.8 ,4 ,15 , 0.75  ,1.7 ,100,1.5 ,180 , 10.8
   Ravager ,400, 80 , 5.4 ,350, 35 ,10 ,150, 15 ,10 ,1200, 120 ,10 ,500, 10 ,4 ,33 , 1.32  ,1.36 ,100,1 ,500 , 30
   Reaper (Elemental King) ,1250, 250 , ,480, 48 ,0 ,150, 15 ,0 ,3000, 300 ,0 ,415, 8.3 ,0 ,90 , 4.5  ,0 ,100, ,925 , 55.5
   Reaper (Subterranean King) ,2000, 400 , ,480, 48 ,0 ,150, 15 ,0 ,3000, 300 ,0 ,415, 8.3 ,0 ,85 , 4.25  ,1.7 ,100, ,925 , 55.5
   Reaper (Surface King) ,2500, 500 , ,480, 48 ,0 ,150, 15 ,0 ,3000, 300 ,0 ,415, 8.3 ,0 ,85 , 4.25  ,0 ,100, ,925 , 55.5
   Reaper (Alpha Surface King) ,42500, 8500 , ,480, 48 ,0 ,150, 15 ,0 ,3000, 300 ,0 ,415, 8.3 ,0 ,180 , 9  ,0 ,100, ,925 , 55.5
   Reaper ,45000, 234 , ,480, 48 ,0 ,150, 15 ,0 ,3000, 300 ,0 ,415, 8.3 ,0 ,75 / 1, 3.75 / 0.05 ,0 ,100, ,925 , 55.5
   Reaper (King Tamed) ,45000, 234 , 2.7 ,480, 48 ,10 ,150, 15 ,10 ,3000, 300 ,10 ,415, 8.3 ,4 ,75 , 3.75  ,1.7 ,100,1 ,925 , 55.5
   Rex (Corrupted) ,1100, 220 , ,420, 42 ,0 ,150, 15 ,0 ,3000, 300 ,0 ,500, 10 ,0 ,62 , 3.1  ,0 ,100, ,1550 , 93
   Rex ,1100, 220 , 5.4 ,420, 42 ,10 ,150, 15 ,10 ,3000, 300 ,10 ,500, 10 ,4 ,62 , 3.1  ,1.7 ,100,1 ,1550 , 93
   Rock Drake (Corrupted) ,1950, 165.75 , ,450, 22.5 ,0 ,150, 15 ,0 ,2000, 200 ,0 ,400, 8 ,0 ,60 , 3  ,0 ,100, ,725 , 43.5
   Rock Drake ,1950, 165.75 , 4.05 ,450, 22.5 ,5 ,150, 15 ,10 ,2000, 200 ,10 ,400, 8 ,4 ,60 , 3  ,1.7 ,100, ,725 , 43.5
   Rock Elemental (Rubble Golem) ,4000, 50 , ,300, 30 ,0 ,, , ,6000, 600 ,0 ,660, 13.2 ,0 ,75 , 3.75  ,0 ,100, ,5000 , 300
   Rock Elemental ,25000, 312.5 , 2.7 ,300, 30 ,10 ,150, 15 ,0 ,6000, 600 ,10 ,660, 13.2 ,4 ,120 / 300, 6 / 15 ,1.7 ,100,1 ,5000 , 300
   Rock Elemental (Minion) ,50000, 625 , 2.7 ,1000, 100 ,10 ,150, 15 ,0 ,6000, 600 ,10 ,660, 13.2 ,4 ,120 / 300, 6 / 15 ,1.7 ,100,1 ,5000 , 300
   Rockwell (Gamma) ,3800, 0 , ,250, 25 ,0 ,, , ,3000, 300 ,0 ,380, 7.6 ,0 ,0 , 0  ,0 ,100, ,1000 , 60
   Rockwell (Beta) ,8500, 0 , ,250, 25 ,0 ,, , ,3000, 300 ,0 ,380, 7.6 ,0 ,0 , 0  ,0 ,100, ,1000 , 60
   Rockwell (Alpha) ,15250, 0 , ,250, 25 ,0 ,, , ,3000, 300 ,0 ,380, 7.6 ,0 ,0 , 0  ,0 ,100, ,1000 , 60
   Rockwell (Gamma) ,42000, 8400 , ,400, 40 ,0 ,2000, 200 ,0 ,2600, 260 ,0 ,3000, 60 ,0 ,0 , 0  ,0 ,100, ,350 , 21
   Rockwell (Beta) ,68500, 13700 , ,400, 40 ,0 ,2000, 200 ,0 ,2600, 260 ,0 ,3000, 60 ,0 ,0 , 0  ,0 ,100, ,350 , 21
   Rockwell (Alpha) ,115000, 23000 , ,400, 40 ,0 ,2000, 200 ,0 ,2600, 260 ,0 ,3000, 60 ,0 ,0 , 0  ,0 ,100, ,350 , 21
   Roll Rat ,850, 170 , 5.4 ,300, 30 ,10 ,150, 15 ,10 ,3000, 300 ,10 ,400, 8 ,4 ,42 , 2.1  ,1.7 ,100,2 ,800 , 48
   Royal Griffin ,750, 112.5 , 4.32 ,225, 11.25 ,6 ,150, 15 ,10 ,1600, 160 ,10 ,350, 7 ,4 ,27 / 12, 1.35 / 0.6 ,1.7 ,100,2.5 ,1500 , 90
   Sabertooth ,250, 50 , 5.4 ,200, 20 ,10 ,150, 15 ,10 ,1200, 120 ,10 ,200, 4 ,4 ,29 , 1.45  ,1.7 ,100,1 ,500 , 30
   Sabertooth Salmon ,65, 13 , ,100, 10 ,0 ,, , ,100, 10 ,0 ,18, 0.36 ,0 ,4 , 0.2  ,0 ,100, ,15 , 0.9
   Sarco ,400, 80 , 5.4 ,450, 45 ,10 ,, , ,1500, 150 ,10 ,300, 6 ,4 ,35 / 45, 1.75 / 2.25 ,1.7 ,100,1 ,400 , 24
   Sarco (Aberrant) ,400, 80 , 5.4 ,450, 45 ,10 ,, , ,1500, 150 ,10 ,300, 6 ,4 ,35 , 1.75  ,1.7 ,100,1 ,400 , 24
   Scout ,3, 0.225 , ,90, 180 , ,, , ,7, 3.5 , ,0, , ,0 , ,0 ,0.5, ,0 , 0
   Seeker ,250, 50 , ,100, 10 ,0 ,150, 15 ,0 ,1500, 150 ,0 ,50, 1 ,0 ,10 , 0.5  ,0 ,100, ,200 , 12
   Shinehorn ,115, 23 , 5.4 ,180, 19.8 ,11 ,180, 19.8 ,11 ,450, 45 ,10 ,100, 2 ,4 ,12 , 0.66  ,1.955 ,100,1 ,60 , 3.6
   Skeletal Bronto ,34500, 6900 , ,240, 24 ,0 ,150, 15 ,0 ,10000, 1000 ,0 ,1600, 32 ,0 ,90 , 4.5  ,0 ,100, ,2000 , 120
   Skeletal Carnotaurus ,6400, 1280 , ,300, 30 ,0 ,150, 15 , ,2000, 200 ,0 ,300, 6 ,0 ,80 , 4  ,0 ,100, ,350 , 21
   Skeletal Giganotosaurus ,80000, 40 , ,400, 0.2 ,0 ,150, 0.375 ,0 ,4000, 10 ,0 ,700, 7 ,0 ,1200 , 60  ,0 ,100, ,10000 , 600
   Skeletal Jerboa ,825, 165 , ,100, 10 ,0 ,150, 15 ,0 ,450, 45 ,0 ,55, 1.1 ,0 ,3 , 0.15  ,0 ,100, ,1000 , 60
   Skeletal Quetzal ,18000, 3600 , ,750, 75 ,0 ,150, 15 ,0 ,1200, 120 ,0 ,780, 15.6 ,0 ,48 , 1.92  ,0 ,100, ,1850 , 111
   Skeletal Raptor ,3600, 720 , ,150, 15 ,0 ,, , ,1200, 120 ,0 ,140, 2.8 ,0 ,40 , 2  ,0 ,100, ,180 , 10.8
   Skeletal Rex ,17500, 3500 , ,420, 42 ,0 ,150, 15 , ,3000, 300 ,0 ,500, 10 ,0 ,170 , 8.5  ,0 ,100, ,1550 , 93
   Skeletal Stego ,8550, 1710 , ,300, 30 ,0 ,150, 15 ,0 ,6000, 600 ,0 ,440, 8.8 ,0 ,62 , 3.1  ,0 ,100, ,500 , 30
   Skeletal Trike ,5625, 1125 , ,150, 15 ,0 ,150, 15 ,0 ,3000, 300 ,0 ,365, 7.3 ,0 ,48 , 2.4  ,0 ,100, ,250 , 15
   Snow Owl ,325, 65 , 5.4 ,350, 35 ,10 ,150, 15 ,10 ,2000, 200 ,10 ,375, 7.5 ,4 ,25 , 1.25  ,1.7 ,100, ,600 , 36
   Spino ,700, 140 , ,350, 35 ,0 ,650, 65 ,0 ,2600, 260 ,0 ,350, 7 ,0 ,40 , 2  ,0 ,100, ,850 , 51
   Spino ,700, 140 , 5.4 ,350, 35 ,10 ,650, 65 ,10 ,2600, 260 ,10 ,350, 7 ,4 ,40 , 2  ,1.7 ,100,1 ,850 , 51
   Spino (Aberrant) ,700, 140 , 5.4 ,350, 35 ,10 ,650, 65 ,10 ,2600, 260 ,10 ,350, 7 ,4 ,40 , 2  ,1.7 ,100,1 ,850 , 51
   Stegosaurus (Corrupted) ,650, 130 , ,300, 30 ,0 ,150, 15 ,0 ,6000, 600 ,0 ,500, 10 ,0 ,42 , 2.1  ,0 ,100, ,500 , 30
   Stegosaurus ,650, 130 , 5.4 ,300, 30 ,10 ,150, 15 ,10 ,6000, 600 ,10 ,500, 10 ,4 ,42 , 2.1  ,1.7 ,100,2 ,500 , 30
   Stegosaurus (Aberrant Stegosaurus) ,650, 130 , 5.4 ,300, 30 ,10 ,150, 15 ,10 ,6000, 600 ,10 ,500, 10 ,4 ,42 , 2.1  ,1.7 ,100,2 ,500 , 30
   Super Turkey ,2000, 400 , ,1000, 100 ,0 ,150, 15 , ,450, 0 ,0 ,170, 3.4 ,0 ,61 , 0.915  ,0 ,100, ,1000 , 60
   Tapejara ,325, 65 , 5.4 ,250, 12.5 ,6 ,150, 15 ,10 ,1600, 160 ,10 ,280, 5.6 ,4 ,18 , 0.9  ,1.7 ,100, ,450 , 27
   Terror Bird ,270, 54 , 5.4 ,160, 16 ,10 ,150, 15 ,10 ,1500, 150 ,10 ,120, 2.4 ,4 ,18 , 0.9  ,1.7 ,100,1 ,300 , 18
   Therizinosaur ,870, 174 , 5.4 ,300, 30 ,10 ,150, 15 ,10 ,3000, 300 ,10 ,365, 7.3 ,4 ,52 / 5, 2.6 / 0.25 ,1.7 ,100,1 ,925 , 55.5
   Thorny Dragon ,260, 52 , 5.4 ,350, 35 ,10 ,150, 15 ,10 ,1200, 120 ,10 ,300, 6 ,4 ,40 / 10, 2 / 0.5 ,1.7 ,100,1 ,450 , 27
   Thylacoleo ,700, 140 , 3.78 ,400, 40 ,10 ,200, 20 ,10 ,1500, 150 ,10 ,400, 8 ,4 ,40 , 2  ,1.7 ,100,1 ,700 , 42
   Titanoboa ,170, 34 , 5.4 ,150, 15 ,10 ,, , ,1200, 120 ,10 ,150, 3 ,4 ,30 , 1.5  ,1.7 ,100,1 ,175 , 10.5
   Titanomyrma ,35, 7 , ,100, 10 ,0 ,150, 15 ,0 ,450, 45 ,0 ,150, 3 ,0 ,7 , 0.35  ,0 ,100, ,50 , 3
   Titanomyrma ,50, 10 , ,100, 10 ,0 ,150, 15 ,0 ,900, 90 ,0 ,50, 1 ,0 ,11 , 0.55  ,0 ,100, ,75 , 4.5
   Titanosaur ,230000, 0 , ,2000, 0 ,0 ,600, 0 ,0 ,8640, 0 ,0 ,50000, 0 ,0 ,1000 , 0  ,0 ,100, ,25000 , 1500
   Triceratops (Corrupted) ,375, 75 , ,150, 15 ,0 ,150, 15 ,0 ,3000, 300 ,0 ,365, 7.3 ,0 ,32 , 1.6  ,0 ,100, ,250 , 15
   Triceratops ,375, 75 , 5.4 ,150, 15 ,10 ,150, 15 ,10 ,3000, 300 ,10 ,365, 7.3 ,4 ,32 , 1.6  ,1.7 ,100,1.5 ,250 , 15
   Triceratops (Aberrant) ,375, 75 , 5.4 ,150, 15 ,10 ,150, 15 ,10 ,3000, 300 ,10 ,365, 7.3 ,4 ,32 , 1.6  ,1.7 ,100,1.5 ,250 , 15
   Trilobite ,160, 32 , ,100, 10 ,0 ,, , ,450, 45 ,0 ,150, 3 ,0 ,0 , 0  ,0 ,100, ,50 , 3
   Troodon ,200, 40 , 5.4 ,150, 15 ,10 ,150, 15 ,10 ,200, 20 ,10 ,140, 2.8 ,4 ,7 , 0.35  ,1.7 ,100,1 ,180 , 10.8
   Tropeognathus ,360, 72 , 4.86 ,250, 12.5 ,5 ,150, 15 ,10 ,1600, 160 ,10 ,340, 6.8 ,4 ,18 , 0.9  ,1.7 ,100, ,450 , 27
   Tusoteuthis ,2700, 540 , 4.05 ,300, 30 ,10 ,215, 21.5 ,0 ,3200, 320 ,10 ,800, 16 ,4 ,65 / 2, 3.25 / 0.1 ,1.7 ,100,1 ,1800 , 108
   Velonasaur ,440, 88 , 5.4 ,325, 32.5 ,10 ,225, 22.5 ,10 ,2250, 225 ,10 ,325, 6.5 ,4 ,32 , 1.6  ,1.7 ,100,1 ,400 , 24
   Vulture ,125, 25 , 5.4 ,150, 15 ,10 ,150, 15 ,10 ,900, 90 ,10 ,50, 1 ,4 ,23 , 1.15  ,1.7 ,100,1 ,100 , 6
   Woolly Rhino ,500, 100 , 5.4 ,120, 12 ,10 ,100, 10 ,10 ,3000, 300 ,10 ,750, 15 ,4 ,40 , 2  ,1.7 ,100,1 ,600 , 36
   Wyvern (Corrupted) ,1725, 258.75 , ,275, 13.75 ,0 ,150, 15 ,0 ,2000, 200 ,0 ,400, 8 ,0 ,80 , 4  ,0 ,100, ,725 , 43.5
   Wyvern ,1725, 258.75 , 4.05 ,275, 13.75 ,5 ,150, 15 ,10 ,2000, 200 ,10 ,400, 8 ,4 ,80 , 4  ,1.7 ,100, ,725 , 43.5
   Yeti ,2000, 200 , ,300, 30 ,0 ,150, 15 ,0 ,1500, 150 ,0 ,220, 4.4 ,0 ,50 / 60, 2 / 2.4 ,0 ,100, ,1100 , 66
   Yutyrannus ,1100, 220 , 5.4 ,420, 42 ,10 ,150, 15 ,10 ,3000, 300 ,10 ,500, 10 ,4 ,55 , 2.75  ,1.7 ,100,1 ,1550 , 93
   Zombie Wyvern ,1725, 258.75 , 4.05 ,275, 13.75 ,5 ,150, 15 ,10 ,2000, 200 ,10 ,400, 8 ,4 ,80 , 4  ,1.7 ,100, ,725 , 43.5
   Zomdodo ,700, 140 , 5.4 ,1000, 100 ,10 ,150, 15 ,10 ,450, 0 ,0 ,170, 3.4 ,4 ,55 , 0.825  ,1.7 ,100,1 ,1000 , 60
